City_ID,City,Country,Date,Lat,Lng,Max Temp,Humidity,Cloudiness,Wind Speed
0,Saint-Philippe,RE,2020-11-24 23:20:12,-21.36,55.77,71.6,60,92,4.7
1,Hambantota,LK,2020-11-24 23:23:58,6.12,81.12,78.42,80,100,14.81
2,Vilyuysk,RU,2020-11-24 23:23:58,63.76,121.62,-0.78,91,100,8.93
3,Punta Arenas,CL,2020-11-24 23:23:13,-53.15,-70.92,48.2,66,75,16.11
4,Kaiserslautern,DE,2020-11-24 23:23:58,49.45,7.75,41.0,100,90,2.3
5,Hermanus,ZA,2020-11-24 23:20:05,-34.42,19.23,57.0,70,41,4.0
6,Namibe,AO,2020-11-24 23:23:59,-15.2,12.15,70.7,74,51,5.01
7,Diu,IN,2020-11-24 23:23:59,20.71,70.98,71.83,52,31,6.53
8,Mataura,NZ,2020-11-24 23:19:53,-46.19,168.86,66.99,48,0,5.99
9,Avarua,CK,2020-11-24 23:23:59,-21.21,-159.78,78.8,83,94,5.82
10,Dunedin,NZ,2020-11-24 23:20:03,-45.87,170.5,57.99,71,0,25.01
11,Jamestown,US,2020-11-24 23:23:59,42.1,-79.24,37.99,69,90,4.7
12,Kamaishi,JP,2020-11-24 23:23:59,39.27,141.88,33.8,100,75,2.24
13,Castro,BR,2020-11-24 23:19:58,-24.79,-50.01,65.48,83,40,7.09
14,Kaitangata,NZ,2020-11-24 23:20:31,-46.28,169.85,60.01,77,0,8.01
15,Geraldton,AU,2020-11-24 23:20:22,-28.77,114.6,68.0,77,2,10.29
16,Vidim,RU,2020-11-24 23:23:59,56.41,103.11,4.24,94,32,1.81
17,Ushuaia,AR,2020-11-24 23:21:21,-54.8,-68.3,44.6,70,75,6.93
18,Cape Town,ZA,2020-11-24 23:19:15,-33.93,18.42,59.0,58,75,5.82
19,Port Alfred,ZA,2020-11-24 23:24:00,-33.59,26.89,63.07,70,94,19.77
20,Kaiyuan,CN,2020-11-24 23:24:00,23.7,103.3,55.98,86,17,4.85
21,Pangnirtung,CA,2020-11-24 23:24:00,66.15,-65.71,5.0,77,90,11.41
22,Taicheng,CN,2020-11-24 23:24:00,38.73,113.23,19.24,86,97,2.39
23,Kurilsk,RU,2020-11-24 23:24:00,45.23,147.88,37.45,83,99,20.74
24,Langarud,IR,2020-11-24 23:24:00,37.2,50.15,51.87,75,1,8.57
25,Balikpapan,ID,2020-11-24 23:24:00,-1.27,116.83,77.0,100,20,2.24
26,Chokurdakh,RU,2020-11-24 23:22:30,70.63,147.92,-2.51,93,100,8.25
27,Butaritari,KI,2020-11-24 23:24:00,3.07,172.79,81.9,81,28,18.5
28,Huarmey,PE,2020-11-24 23:24:00,-10.07,-78.15,65.84,76,4,9.17
29,Nambucca Heads,AU,2020-11-24 23:24:00,-30.65,153.0,78.01,60,90,13.87
30,Port Elizabeth,ZA,2020-11-24 23:20:18,-33.92,25.57,60.8,77,20,12.75
31,Vaini,TO,2020-11-24 23:24:01,-21.2,-175.2,82.4,74,75,9.17
32,Victoria,HK,2020-11-24 23:20:07,22.29,114.16,73.0,81,46,16.98
33,Rikitea,PF,2020-11-24 23:24:01,-23.12,-134.97,74.79,80,100,12.44
34,Kodiak,US,2020-11-24 23:20:08,57.79,-152.41,39.2,80,1,7.38
35,Saskylakh,RU,2020-11-24 23:20:21,71.92,114.08,-6.18,91,95,4.72
36,Itoman,JP,2020-11-24 23:24:01,26.12,127.67,71.6,64,75,10.29
37,Ampanihy,MG,2020-11-24 23:24:01,-24.7,44.75,72.59,53,43,3.8
38,Fortuna,US,2020-11-24 23:20:41,40.6,-124.16,57.99,69,48,1.01
39,Lorengau,PG,2020-11-24 23:24:01,-2.02,147.27,85.1,67,87,6.8
40,San Patricio,US,2020-11-24 23:20:34,28.02,-97.52,80.6,65,20,27.51
41,Busselton,AU,2020-11-24 23:19:54,-33.65,115.33,60.01,76,1,13.71
42,Touros,BR,2020-11-24 23:24:01,-5.2,-35.46,78.8,78,40,8.05
43,Tasiilaq,GL,2020-11-24 23:24:02,65.61,-37.64,21.2,79,95,6.93
44,Cidreira,BR,2020-11-24 23:19:55,-30.18,-50.21,71.51,80,0,22.93
45,Clyde River,CA,2020-11-24 23:24:02,70.47,-68.59,8.6,92,90,28.86
46,Constitucion,CL,2020-11-24 23:24:02,-35.33,-72.42,59.04,72,0,12.39
47,Tabou,CI,2020-11-24 23:24:02,4.42,-7.35,78.31,87,46,7.11
48,Smirnykh,RU,2020-11-24 23:24:02,49.75,142.83,21.27,88,16,5.93
49,Polonnaruwa,LK,2020-11-24 23:24:02,7.93,81.0,74.25,89,100,10.09
50,Cayenne,GF,2020-11-24 23:24:02,4.93,-52.33,80.6,83,0,2.24
51,Kapaa,US,2020-11-24 23:21:18,22.08,-159.32,78.8,83,90,18.34
52,Slave Lake,CA,2020-11-24 23:24:03,55.28,-114.77,24.8,92,90,5.82
53,Buraydah,SA,2020-11-24 23:19:58,26.33,43.98,59.0,62,0,5.82
54,Aksarka,RU,2020-11-24 23:20:52,66.56,67.8,14.56,97,99,9.33
55,East London,ZA,2020-11-24 23:24:03,-33.02,27.91,64.81,71,81,14.14
56,Albany,US,2020-11-24 23:21:31,42.6,-73.97,36.0,58,58,3.71
57,Hamilton,US,2020-11-24 23:24:03,39.18,-84.53,46.4,65,1,6.26
58,Buala,SB,2020-11-24 23:24:03,-8.14,159.59,77.05,77,100,5.23
59,Ribeira Grande,PT,2020-11-24 23:24:03,38.52,-28.7,57.67,62,33,18.5
60,Sidi Ali,DZ,2020-11-24 23:24:03,36.1,0.42,52.86,53,88,2.51
61,Rocha,UY,2020-11-24 23:24:03,-34.48,-54.33,79.77,71,52,11.03
62,Biak,ID,2020-11-24 23:24:03,-0.91,122.88,80.37,73,100,2.73
63,Kargopol,RU,2020-11-24 23:24:03,61.51,38.95,31.44,98,100,4.74
64,Salalah,OM,2020-11-24 23:24:04,17.02,54.09,78.8,27,0,11.41
65,Tateyama,JP,2020-11-24 23:24:04,34.98,139.87,53.6,87,75,20.8
66,Alpena,US,2020-11-24 23:24:04,45.06,-83.43,32.0,87,90,4.7
67,Norman Wells,CA,2020-11-24 23:24:04,65.28,-126.83,-0.4,77,90,3.36
68,Baykit,RU,2020-11-24 23:24:04,61.67,96.37,7.99,92,100,1.48
69,Kruisfontein,ZA,2020-11-24 23:20:33,-34.0,24.73,57.99,85,9,4.0
70,Lata,PT,2020-11-24 23:20:02,40.16,-8.33,55.99,93,69,10.0
71,Bambous Virieux,MU,2020-11-24 23:24:04,-20.34,57.76,75.99,88,75,10.29
72,Shimoda,JP,2020-11-24 23:19:57,34.67,138.95,46.99,95,82,1.01
73,New Norfolk,AU,2020-11-24 23:24:04,-42.78,147.06,73.99,49,24,1.99
74,Okhotsk,RU,2020-11-24 23:24:04,59.38,143.3,-6.65,86,56,21.65
75,Puerto Ayora,EC,2020-11-24 23:24:05,-0.74,-90.35,72.0,88,100,5.99
76,Hilo,US,2020-11-24 23:19:44,19.73,-155.09,84.2,62,75,5.82
77,Urumqi,CN,2020-11-24 23:20:40,43.8,87.6,23.0,62,75,4.47
78,Sioux Lookout,CA,2020-11-24 23:24:05,50.1,-91.92,28.4,92,90,5.82
79,Takaka,NZ,2020-11-24 23:24:05,-40.85,172.8,60.01,74,100,17.0
80,Aksay,RU,2020-11-24 23:22:40,47.26,39.87,36.0,93,20,8.95
81,Anadyr,RU,2020-11-24 23:24:05,64.75,177.48,26.6,86,90,15.66
82,Unguia,CO,2020-11-24 23:24:05,8.04,-77.09,79.74,81,85,3.56
83,Taoudenni,ML,2020-11-24 23:24:05,22.68,-3.98,60.48,32,48,11.92
84,Langsa,ID,2020-11-24 23:20:22,4.47,97.97,72.72,92,100,1.86
85,Byron Bay,AU,2020-11-24 23:24:05,-28.65,153.62,71.6,78,90,13.87
86,Yar-Sale,RU,2020-11-24 23:24:05,66.83,70.83,12.02,96,93,10.13
87,Bluff,NZ,2020-11-24 23:24:05,-46.6,168.33,56.48,57,0,9.15
88,Airai,TL,2020-11-24 23:20:00,-8.93,125.41,69.06,79,19,1.28
89,Beloha,MG,2020-11-24 23:24:06,-25.17,45.05,70.95,76,41,3.69
90,Bredasdorp,ZA,2020-11-24 23:24:06,-34.53,20.04,53.6,71,59,6.93
91,Fairbanks,US,2020-11-24 23:24:06,64.84,-147.72,5.0,77,75,1.12
92,Yatou,CN,2020-11-24 23:24:06,37.15,122.38,38.34,75,27,4.12
93,Faanui,PF,2020-11-24 23:19:57,-16.48,-151.75,80.89,79,9,13.22
94,Harper,LR,2020-11-24 23:24:06,4.38,-7.72,78.08,88,11,7.49
95,Margate,GB,2020-11-24 23:24:06,51.38,1.39,50.0,77,100,4.0
96,Basoko,CD,2020-11-24 23:24:06,1.24,23.62,70.7,95,87,2.46
97,Erenhot,CN,2020-11-24 23:24:06,43.65,111.98,7.47,90,0,2.06
98,Garowe,SO,2020-11-24 23:20:06,8.41,48.48,74.89,71,54,11.18
99,Nayoro,JP,2020-11-24 23:24:07,44.35,142.46,33.51,92,100,8.14
100,Taltal,CL,2020-11-24 23:21:58,-25.4,-70.48,65.66,64,57,5.77
101,Dalby,AU,2020-11-24 23:24:07,-27.18,151.27,77.0,44,82,19.46
102,Hithadhoo,MV,2020-11-24 23:24:07,-0.6,73.08,81.61,78,0,12.15
103,Upernavik,GL,2020-11-24 23:24:07,72.79,-56.15,7.34,75,5,9.06
104,Netolice,CZ,2020-11-24 23:24:07,49.05,14.2,30.0,69,1,4.0
105,Marau,BR,2020-11-24 23:24:07,-28.45,-52.2,69.15,46,0,3.76
106,Saint Pete Beach,US,2020-11-24 23:24:07,27.73,-82.74,75.99,78,90,12.75
107,Krutinka,RU,2020-11-24 23:20:31,56.01,71.51,12.07,96,64,8.72
108,Jacareacanga,BR,2020-11-24 23:24:07,-6.22,-57.75,77.59,89,100,1.83
109,Tuatapere,NZ,2020-11-24 23:24:07,-46.13,167.68,63.97,45,0,4.72
110,Mastic Beach,US,2020-11-24 23:24:08,40.77,-72.85,39.2,69,1,5.82
111,Nikolskoye,RU,2020-11-24 23:24:08,59.7,30.79,36.0,96,75,4.47
112,Thinadhoo,MV,2020-11-24 23:24:08,0.53,72.93,81.82,78,1,10.25
113,Atuona,PF,2020-11-24 23:24:08,-9.8,-139.03,78.91,73,9,15.03
114,Ambon,ID,2020-11-24 23:24:08,-3.7,128.18,81.0,13,98,2.06
115,Tuktoyaktuk,CA,2020-11-24 23:20:07,69.45,-133.04,-0.4,84,75,4.7
116,Bathsheba,BB,2020-11-24 23:24:08,13.22,-59.52,78.8,83,40,10.29
117,Prince Rupert,CA,2020-11-24 23:23:46,54.32,-130.32,44.6,75,90,12.75
118,Mar Del Plata,AR,2020-11-24 23:24:08,-38.0,-57.56,66.99,88,0,6.26
119,Thompson,CA,2020-11-24 23:22:34,55.74,-97.86,5.0,84,20,4.7
120,Vanavara,RU,2020-11-24 23:24:08,60.34,102.28,8.02,95,100,5.41
121,Luderitz,NA,2020-11-24 23:24:09,-26.65,15.16,60.8,72,0,10.29
122,Ixtapa,MX,2020-11-24 23:19:29,20.7,-105.2,82.4,78,20,12.75
123,Poum,NC,2020-11-24 23:24:09,-20.23,164.02,78.12,75,87,16.26
124,Santa Maria,BR,2020-11-24 23:24:09,-29.68,-53.81,91.4,29,0,3.36
125,Batagay,RU,2020-11-24 23:24:09,67.63,134.63,-15.63,87,100,1.36
126,Gull Lake,CA,2020-11-24 23:24:09,50.1,-108.48,26.6,79,1,17.22
127,Abingdon,GB,2020-11-24 23:24:09,51.67,-1.28,48.2,87,86,12.75
128,Pacific Grove,US,2020-11-24 23:24:09,36.62,-121.92,62.01,81,1,4.7
129,Umm Kaddadah,SD,2020-11-24 23:24:09,13.6,26.69,72.7,22,4,11.01
130,Te Anau,NZ,2020-11-24 23:24:09,-45.42,167.72,61.38,49,4,2.71
131,Gravdal,NO,2020-11-24 23:24:09,68.12,13.5,41.0,86,75,18.34
132,Kavieng,PG,2020-11-24 23:19:58,-2.57,150.8,84.31,75,100,10.4
133,Leeton,AU,2020-11-24 23:24:10,-34.57,146.4,77.0,44,1,5.82
134,Pevek,RU,2020-11-24 23:20:12,69.7,170.31,17.58,96,90,6.08
135,Mahebourg,MU,2020-11-24 23:24:10,-20.41,57.7,75.2,88,75,10.29
136,Barrow,US,2020-11-24 23:24:10,71.29,-156.79,10.4,78,90,19.46
137,Kahului,US,2020-11-24 23:24:10,20.89,-156.47,80.6,69,75,20.8
138,Arraial Do Cabo,BR,2020-11-24 23:24:10,-22.97,-42.03,75.2,78,75,10.29
139,Bengkulu,ID,2020-11-24 23:24:10,-3.8,102.27,74.28,93,100,2.84
140,Padang,ID,2020-11-24 23:24:10,-0.95,100.35,77.0,76,99,3.44
141,Yulara,AU,2020-11-24 23:24:10,-25.24,130.99,86.0,15,44,14.99
142,Ginda,IN,2020-11-24 23:24:10,30.69,78.49,44.83,53,71,5.73
143,Hami,CN,2020-11-24 23:19:12,42.8,93.45,16.65,74,1,3.42
144,Boende,CD,2020-11-24 23:24:11,-0.22,20.87,70.3,95,96,1.3
145,Alyangula,AU,2020-11-24 23:24:11,-13.85,136.42,87.8,66,4,10.29
146,Nanortalik,GL,2020-11-24 23:20:11,60.14,-45.24,32.0,98,100,33.02
147,Provideniya,RU,2020-11-24 23:24:11,64.38,-173.3,37.4,93,90,24.61
148,Oxbow,CA,2020-11-24 23:24:11,49.23,-102.17,24.8,85,90,11.41
149,Ulaangom,MN,2020-11-24 23:24:11,49.98,92.07,16.56,96,98,1.97
150,Codajas,BR,2020-11-24 23:24:11,-3.84,-62.06,74.95,98,100,1.36
151,Evensk,RU,2020-11-24 23:20:43,61.95,159.23,0.01,85,94,9.17
152,Malanje,AO,2020-11-24 23:21:16,-9.54,16.34,64.17,99,65,1.99
153,Brae,GB,2020-11-24 23:24:12,60.4,-1.35,44.6,87,100,11.41
154,Nerchinskiy Zavod,RU,2020-11-24 23:24:12,51.31,119.61,-0.76,88,0,3.02
155,Atikokan,CA,2020-11-24 23:24:12,48.76,-91.62,30.27,99,100,4.79
156,Ayabe,JP,2020-11-24 23:24:12,35.3,135.25,48.2,76,75,4.7
157,Solnechnyy,RU,2020-11-24 23:24:12,50.72,136.63,12.92,81,0,3.06
158,Yola,NG,2020-11-24 23:22:12,9.2,12.48,79.81,31,100,2.42
159,Union,US,2020-11-24 23:19:37,40.63,-74.27,43.0,52,1,4.03
160,Frutal,BR,2020-11-24 23:24:12,-20.02,-48.94,75.47,65,21,7.18
161,Cumberland,US,2020-11-24 23:24:12,35.05,-78.87,50.0,53,1,5.06
162,Kosa,RU,2020-11-24 23:24:13,59.94,55.0,22.23,97,100,8.88
163,Sitka,US,2020-11-24 23:24:13,57.05,-135.33,44.6,70,90,6.93
164,Menongue,AO,2020-11-24 23:21:24,-14.66,17.69,66.38,91,100,7.94
165,Mercedes,AR,2020-11-24 23:24:13,-34.65,-59.43,73.99,67,99,1.99
166,Dikson,RU,2020-11-24 23:19:56,73.51,80.55,11.79,96,100,21.3
167,Calhoun,US,2020-11-24 23:19:33,42.25,-85.0,35.6,93,90,8.05
168,Hobart,AU,2020-11-24 23:21:44,-42.88,147.33,73.99,49,75,14.99
169,Leningradskiy,RU,2020-11-24 23:20:06,69.38,178.42,26.37,97,100,23.67
170,Sola,VU,2020-11-24 23:20:42,-13.88,167.55,79.72,78,26,4.83
171,Richards Bay,ZA,2020-11-24 23:24:13,-28.78,32.04,70.81,87,99,11.99
172,Russell,US,2020-11-24 23:24:13,32.35,-85.2,60.8,62,1,4.5
173,Dali,CN,2020-11-24 23:24:13,25.7,100.18,44.47,83,1,2.62
174,Lebu,CL,2020-11-24 23:24:13,-37.62,-73.65,58.12,80,9,3.85
175,Ilulissat,GL,2020-11-24 23:24:14,69.22,-51.1,19.4,52,99,32.21
176,Hasaki,JP,2020-11-24 23:20:16,35.73,140.83,50.0,93,75,14.99
177,Nouakchott,MR,2020-11-24 23:24:14,18.09,-15.98,75.2,15,99,8.05
178,Mariental,NA,2020-11-24 23:24:14,-24.63,17.97,73.4,23,11,3.36
179,Aklavik,CA,2020-11-24 23:24:14,68.22,-135.01,1.4,84,90,3.36
180,Ravar,IR,2020-11-24 23:24:14,31.27,56.81,45.3,59,0,0.76
181,Yarada,IN,2020-11-24 23:24:14,17.65,83.27,75.2,73,75,8.05
182,Aykhal,RU,2020-11-24 23:24:14,66.0,111.5,-0.4,84,0,4.47
183,Chimoio,MZ,2020-11-24 23:24:14,-19.12,33.48,78.01,94,20,5.82
184,Esperance,AU,2020-11-24 23:24:14,-33.87,121.9,60.8,77,90,17.22
185,Diamantino,BR,2020-11-24 23:24:15,-14.41,-56.45,81.91,64,39,3.69
186,Susa,TN,2020-11-24 23:21:08,35.83,10.64,62.6,77,20,11.41
187,Altay,CN,2020-11-24 23:24:15,47.87,88.12,10.49,62,39,3.78
188,Numan,NG,2020-11-24 23:24:15,9.47,12.03,79.65,32,100,2.26
189,Arroio Grande,BR,2020-11-24 23:24:15,-32.24,-53.09,82.99,41,26,8.01
190,Tongliao,CN,2020-11-24 23:24:15,43.61,122.27,14.72,94,76,7.74
191,Doha,QA,2020-11-24 23:24:15,25.29,51.53,68.0,72,0,8.05
192,Torbay,CA,2020-11-24 23:21:57,47.67,-52.73,37.99,81,90,35.57
193,Santo Antonio Do Ica,BR,2020-11-24 23:24:15,-3.1,-67.94,76.59,95,99,2.66
194,Yenagoa,NG,2020-11-24 23:19:19,4.92,6.26,76.73,93,100,3.65
195,Domoni,KM,2020-11-24 23:24:15,-12.26,44.53,77.58,82,1,7.87
196,Ambilobe,MG,2020-11-24 23:24:15,-13.2,49.05,73.96,74,4,3.53
197,Boca Do Acre,BR,2020-11-24 23:24:15,-8.75,-67.4,77.11,91,59,1.25
198,Kaeo,NZ,2020-11-24 23:24:16,-35.1,173.78,68.0,91,70,21.0
199,Tra Vinh,VN,2020-11-24 23:24:16,9.93,106.35,74.86,87,99,6.46
200,Tchaourou,BJ,2020-11-24 23:24:16,8.89,2.6,78.46,35,52,1.21
201,Ucluelet,CA,2020-11-24 23:24:16,48.93,-125.55,44.6,87,75,2.24
202,Yellowknife,CA,2020-11-24 23:24:16,62.46,-114.35,15.8,85,90,10.29
203,Mecca,SA,2020-11-24 23:21:01,21.43,39.83,73.89,67,0,1.81
204,Sobolevo,RU,2020-11-24 23:24:16,54.43,31.9,34.77,95,100,8.14
205,Waipawa,NZ,2020-11-24 23:24:16,-41.41,175.52,57.99,93,100,8.05
206,Bilibino,RU,2020-11-24 23:24:16,68.05,166.44,-4.23,89,99,2.15
207,Shangrao,CN,2020-11-24 23:24:17,28.45,117.97,52.03,89,89,3.47
208,Kholmsk,RU,2020-11-24 23:24:17,47.05,142.06,30.2,58,75,6.71
209,Severo-Kurilsk,RU,2020-11-24 23:24:17,50.68,156.12,29.37,94,89,31.21
210,Viedma,AR,2020-11-24 23:20:25,-40.81,-63.0,64.99,43,1,18.81
211,Mollendo,PE,2020-11-24 23:24:17,-17.02,-72.01,63.34,75,87,5.32
212,Burnie,AU,2020-11-24 23:24:17,-41.07,145.92,61.0,85,95,8.99
213,Felipe Carrillo Puerto,MX,2020-11-24 23:24:17,19.58,-88.05,75.83,91,19,3.94
214,Athens,GR,2020-11-24 23:24:12,37.98,23.72,54.0,56,81,5.01
215,Archena,ES,2020-11-24 23:24:17,38.12,-1.3,51.01,83,34,1.01
216,Flinders,AU,2020-11-24 23:20:11,-34.58,150.86,69.01,82,98,1.01
217,Muros,ES,2020-11-24 23:24:18,42.78,-9.06,54.0,92,99,3.0
218,Castlemaine,AU,2020-11-24 23:22:45,-37.07,144.22,71.01,55,0,4.99
219,Kathmandu,NP,2020-11-24 23:24:18,27.72,85.32,47.73,76,15,0.67
220,Cornwall,CA,2020-11-24 23:24:18,45.02,-74.73,23.0,73,1,1.16
221,Nikel,RU,2020-11-24 23:24:18,69.41,30.22,26.6,92,28,3.36
222,Kirkenes,NO,2020-11-24 23:24:18,69.73,30.05,30.2,92,85,3.36
223,Micheweni,TZ,2020-11-24 23:24:18,-4.97,39.83,79.05,84,2,4.81
224,Takoradi,GH,2020-11-24 23:24:18,4.88,-1.76,79.21,85,10,7.99
225,Springbok,ZA,2020-11-24 23:24:18,-29.66,17.89,45.43,95,0,4.81
226,Khatanga,RU,2020-11-24 23:24:18,71.97,102.5,9.21,96,99,5.97
227,Okha,RU,2020-11-24 23:21:01,53.57,142.95,17.53,96,100,18.88
228,Iqaluit,CA,2020-11-24 23:24:19,63.75,-68.51,1.4,77,75,8.05
229,Hailar,CN,2020-11-24 23:24:19,49.2,119.7,7.72,93,13,5.21
230,Nchelenge,ZM,2020-11-24 23:24:19,-9.35,28.73,74.19,78,44,8.81
231,Ormara,PK,2020-11-24 23:24:19,25.21,64.64,70.48,81,22,18.68
232,Luganville,VU,2020-11-24 23:24:19,-15.53,167.17,86.0,70,40,3.36
233,Banda Aceh,ID,2020-11-24 23:24:19,5.56,95.32,78.78,79,40,10.18
234,Arman,RU,2020-11-24 23:24:19,59.7,150.17,-0.8,84,4,8.57
235,Angoche,MZ,2020-11-24 23:24:19,-16.23,39.91,80.6,71,32,10.85
236,Gat,IL,2020-11-24 23:24:00,31.61,34.76,60.8,72,0,3.36
237,Isangel,VU,2020-11-24 23:20:17,-19.55,169.27,86.0,66,75,6.93
238,Chulucanas,PE,2020-11-24 23:19:24,-5.09,-80.16,77.18,49,34,15.64
239,Kulhudhuffushi,MV,2020-11-24 23:24:19,6.62,73.07,81.27,64,77,4.76
240,Kitui,KE,2020-11-24 23:24:20,-1.37,38.01,64.35,100,18,3.71
241,Krupanj,RS,2020-11-24 23:24:20,44.37,19.36,39.2,100,40,6.93
242,Boa Vista,BR,2020-11-24 23:24:20,2.82,-60.67,80.6,78,75,5.82
243,Korla,CN,2020-11-24 23:20:31,41.76,86.15,17.15,87,0,2.13
244,Ancud,CL,2020-11-24 23:24:20,-41.87,-73.82,55.99,76,40,11.41
245,Rundu,NA,2020-11-24 23:24:20,-17.93,19.77,70.47,80,100,4.88
246,Aras,ES,2020-11-24 23:24:20,42.56,-2.36,39.99,100,100,4.45
247,Souillac,MU,2020-11-24 23:24:20,-20.52,57.52,75.2,88,75,10.29
248,Tiksi,RU,2020-11-24 23:24:20,71.69,128.87,-1.7,92,100,8.08
249,Sao Joao Da Barra,BR,2020-11-24 23:23:25,-21.64,-41.05,72.77,85,97,10.09
250,Saldanha,ZA,2020-11-24 23:24:21,-33.01,17.94,53.6,76,58,1.12
251,Broome,US,2020-11-24 23:24:21,42.25,-75.83,30.99,68,1,3.36
252,Port Hardy,CA,2020-11-24 23:24:21,50.7,-127.42,44.6,87,75,4.7
253,Paralimni,CY,2020-11-24 23:24:21,35.04,33.98,57.2,71,0,8.05
254,Bereda,ES,2020-11-24 23:24:21,43.27,-7.54,53.01,99,94,7.0
255,Olafsvik,IS,2020-11-24 23:24:21,64.89,-23.71,34.97,84,73,15.57
256,Ingham,US,2020-11-24 23:24:21,42.6,-84.38,34.0,100,90,11.41
257,Lisala,CD,2020-11-24 23:24:21,2.15,21.52,70.11,93,17,1.92
258,Chihuahua,MX,2020-11-24 23:24:21,28.5,-106.0,80.6,7,5,14.99
259,Kirkland Lake,CA,2020-11-24 23:24:22,48.14,-80.04,15.8,72,100,7.72
260,Coahuayana,MX,2020-11-24 23:24:22,18.73,-103.68,84.04,64,0,3.96
261,Zaragoza,ES,2020-11-24 23:23:59,41.66,-0.88,41.0,86,20,5.82
262,Beringovskiy,RU,2020-11-24 23:24:22,63.05,179.32,20.82,96,100,19.04
263,Barcelos,PT,2020-11-24 23:24:22,41.54,-8.62,55.4,93,40,19.46
264,San Juan,AR,2020-11-24 23:20:02,-31.54,-68.54,81.82,24,0,10.07
265,Santa Rosalia,MX,2020-11-24 23:24:22,27.32,-112.28,69.8,43,0,5.93
266,Tanabe,JP,2020-11-24 23:24:22,33.73,135.37,57.2,76,75,5.82
267,Arlit,NE,2020-11-24 23:20:28,18.74,7.39,70.18,24,0,7.07
268,Tual,ID,2020-11-24 23:24:22,-5.67,132.75,84.33,67,100,4.14
269,Carauari,BR,2020-11-24 23:24:22,-4.88,-66.9,76.26,92,99,1.79
270,Coracao De Maria,BR,2020-11-24 23:24:22,-12.23,-38.75,69.22,87,3,6.85
271,Shasta Lake,US,2020-11-24 23:20:35,40.68,-122.37,66.99,32,15,3.18
272,Krasnaya Gora,RU,2020-11-24 23:24:23,53.0,31.6,39.2,100,90,11.18
273,Wilmington,US,2020-11-24 23:22:03,34.23,-77.94,48.2,66,1,4.21
274,Vestmannaeyjar,IS,2020-11-24 23:24:23,63.44,-20.27,36.77,78,85,9.53
275,Limbang,MY,2020-11-24 23:22:03,4.75,115.0,75.2,94,75,5.82
276,Grand Gaube,MU,2020-11-24 23:24:23,-20.01,57.66,75.99,78,12,5.01
277,Oranjestad,AW,2020-11-24 23:20:41,12.52,-70.03,84.2,74,20,17.22
278,Nacala,MZ,2020-11-24 23:24:23,-14.54,40.67,78.67,83,21,8.66
279,Gilbues,BR,2020-11-24 23:24:23,-9.83,-45.34,76.5,68,40,6.42
280,Komsomolskiy,UZ,2020-11-24 23:20:27,40.43,71.72,28.4,74,100,4.7
281,Foundiougne,SN,2020-11-24 23:24:24,14.13,-16.47,77.0,36,55,9.55
282,Cabo San Lucas,MX,2020-11-24 23:21:38,22.89,-109.91,79.0,50,90,5.79
283,Peleduy,RU,2020-11-24 23:24:24,59.63,112.74,5.41,92,100,6.76
284,Progreso,MX,2020-11-24 23:24:24,21.28,-89.67,82.99,78,20,9.17
285,Novorzhev,RU,2020-11-24 23:24:24,57.03,29.33,35.76,92,100,4.29
286,Bethel,US,2020-11-24 23:22:26,41.37,-73.41,37.99,64,1,3.27
287,Shitkino,RU,2020-11-24 23:24:24,56.37,98.35,7.18,94,26,2.13
288,Den Helder,NL,2020-11-24 23:20:17,52.96,4.76,45.0,87,90,8.05
289,Sao Filipe,CV,2020-11-24 23:24:24,14.9,-24.5,79.97,69,100,5.01
290,Khandyga,RU,2020-11-24 23:24:25,62.67,135.6,-26.66,86,86,0.45
291,Narsaq,GL,2020-11-24 23:24:25,60.92,-46.05,33.8,64,100,21.92
292,Jackson,US,2020-11-24 23:23:01,42.42,-122.83,50.0,66,1,4.7
293,Aitape,PG,2020-11-24 23:24:25,-3.14,142.35,82.42,70,95,1.86
294,Carnarvon,AU,2020-11-24 23:24:25,-24.87,113.63,73.4,78,0,19.46
295,Miri,MY,2020-11-24 23:21:01,4.41,114.01,75.2,100,40,3.36
296,Santa Isabel Do Rio Negro,BR,2020-11-24 23:24:25,-0.41,-65.02,77.86,88,94,1.72
297,Fort Nelson,CA,2020-11-24 23:24:25,58.81,-122.7,5.0,84,40,1.72
298,Horki,BY,2020-11-24 23:24:25,54.29,30.98,36.48,98,100,5.95
299,Yarmouth,US,2020-11-24 23:24:25,41.71,-70.23,42.01,48,1,4.7
300,Nurota,UZ,2020-11-24 23:24:25,40.56,65.69,30.2,39,28,9.17
301,Praia Da Vitoria,PT,2020-11-24 23:19:59,38.73,-27.07,55.99,62,20,16.58
302,Ostrovnoy,RU,2020-11-24 23:24:26,68.05,39.51,32.63,94,25,2.39
303,Kabanjahe,ID,2020-11-24 23:24:26,3.1,98.49,73.4,94,40,4.7
304,Benjamin Aceval,PY,2020-11-24 23:24:26,-24.97,-57.57,91.4,36,0,9.17
305,Sur,OM,2020-11-24 23:24:26,22.57,59.53,74.79,66,1,14.34
306,Saint George,US,2020-11-24 23:20:06,37.1,-113.58,57.99,26,1,4.7
307,Emporia,US,2020-11-24 23:24:26,38.4,-96.18,51.8,87,90,11.41
308,Lagoa,PT,2020-11-24 23:24:26,39.05,-27.98,56.75,61,40,16.78
309,San Jose,US,2020-11-24 23:23:06,37.34,-121.89,68.0,32,20,5.82
310,Innisfail,AU,2020-11-24 23:24:26,-17.53,146.03,81.68,59,89,0.65
311,Vredendal,ZA,2020-11-24 23:24:26,-31.67,18.5,57.43,65,1,5.82
312,Saint Anthony,US,2020-11-24 23:24:26,45.02,-93.22,37.4,93,90,3.36
313,Luwingu,ZM,2020-11-24 23:24:27,-10.26,29.93,65.95,81,47,5.88
314,Hovd,MN,2020-11-24 23:24:27,48.01,91.64,9.79,85,68,1.05
315,Alice Springs,AU,2020-11-24 23:23:27,-23.7,133.88,84.2,18,0,12.75
316,Mahuta,TZ,2020-11-24 23:24:27,-10.87,39.45,70.68,99,48,3.98
317,Whakatane,NZ,2020-11-24 23:24:27,-37.96,176.99,61.0,97,100,11.01
318,Chuy,UY,2020-11-24 23:24:27,-33.7,-53.46,73.78,78,43,10.65
319,Coquimbo,CL,2020-11-24 23:24:27,-29.95,-71.34,60.8,77,0,10.29
320,Alexandria,EG,2020-11-24 23:24:27,31.22,29.96,64.4,88,40,3.36
321,Nuuk,GL,2020-11-24 23:24:27,64.18,-51.72,32.0,96,100,32.21
322,Muravlenko,RU,2020-11-24 23:20:35,63.79,74.52,14.74,95,97,14.0
323,Codrington,AU,2020-11-24 23:24:28,-38.27,141.97,67.77,60,0,10.54
324,Las Cruces,US,2020-11-24 23:24:28,32.31,-106.78,61.0,14,1,20.8
325,Inverell,AU,2020-11-24 23:24:28,-29.78,151.12,82.99,45,6,4.0
326,Beira,MZ,2020-11-24 23:24:28,-19.84,34.84,79.02,87,93,5.41
327,Athabasca,CA,2020-11-24 23:22:52,54.72,-113.29,24.8,79,100,4.7
328,Kamenka,RU,2020-11-24 23:24:28,51.32,42.77,33.04,99,100,7.27
329,Klaksvik,FO,2020-11-24 23:24:28,62.23,-6.59,37.4,100,56,4.09
330,Caernarfon,GB,2020-11-24 23:24:28,53.14,-4.27,46.4,93,100,3.36
331,Portland,US,2020-11-24 23:24:26,45.52,-122.68,51.01,76,90,13.87
332,Bam,IR,2020-11-24 23:24:28,29.11,58.36,49.39,53,0,6.69
333,Kenai,US,2020-11-24 23:24:28,60.55,-151.26,32.0,94,90,6.93
334,Dongsheng,CN,2020-11-24 23:24:28,39.82,109.98,19.96,92,99,5.37
335,Camacha,PT,2020-11-24 23:24:29,33.08,-16.33,64.4,77,40,10.29
336,Salamina,GR,2020-11-24 23:24:29,37.96,23.5,55.4,54,40,10.29
337,Kabompo,ZM,2020-11-24 23:24:29,-13.59,24.2,65.43,95,97,2.01
338,Mahina,PF,2020-11-24 23:24:29,-17.51,-149.49,78.8,88,90,5.82
339,Mount Gambier,AU,2020-11-24 23:20:37,-37.83,140.77,64.4,68,0,9.17
340,Lompoc,US,2020-11-24 23:19:52,34.64,-120.46,64.99,55,1,10.29
341,Le Port,RE,2020-11-24 23:24:29,-20.94,55.29,71.6,60,0,11.41
342,Husavik,IS,2020-11-24 23:24:29,66.04,-17.34,32.0,97,40,4.7
343,Namatanai,PG,2020-11-24 23:24:29,-3.67,152.43,84.6,68,99,9.01
344,Hirata,JP,2020-11-24 23:24:29,35.43,132.82,48.2,87,75,9.17
345,Hearst,CA,2020-11-24 23:24:29,49.68,-83.67,14.0,85,100,8.05
346,Ribas Do Rio Pardo,BR,2020-11-24 23:24:29,-20.44,-53.76,81.99,48,51,6.42
347,Mumford,GH,2020-11-24 23:24:30,5.26,-0.76,79.66,85,70,9.46
348,Sai Buri,TH,2020-11-24 23:24:30,6.7,101.62,76.57,85,85,1.92
349,Svetlogorsk,BY,2020-11-24 23:24:30,52.63,29.73,39.49,85,100,10.98
350,Longyearbyen,SJ,2020-11-24 23:24:30,78.22,15.64,26.6,92,90,5.82
351,Vila Velha,BR,2020-11-24 23:22:43,-20.33,-40.29,73.4,88,90,3.36
352,Moa,CU,2020-11-24 23:24:30,20.66,-74.94,77.4,80,8,14.99
353,Chara,RU,2020-11-24 23:24:30,56.91,118.26,-4.65,76,35,4.18
354,Visby,SE,2020-11-24 23:24:30,57.64,18.3,48.99,93,100,10.29
355,Belmonte,BR,2020-11-24 23:24:30,-15.86,-38.88,75.2,78,40,3.36
356,Tura,IN,2020-11-24 23:24:30,25.52,90.22,59.4,88,31,4.47
357,Kutum,SD,2020-11-24 23:24:30,14.2,24.67,64.54,26,91,6.82
358,Fayaoue,NC,2020-11-24 23:24:30,-20.65,166.53,77.85,74,59,12.33
359,Porto Novo,BJ,2020-11-24 23:23:06,6.5,2.6,84.2,79,40,12.75
360,Lisakovsk,KZ,2020-11-24 23:24:31,52.54,62.49,16.36,96,100,7.2
361,Cabedelo,BR,2020-11-24 23:24:31,-6.98,-34.83,77.0,83,20,4.7
362,Rize,TR,2020-11-24 23:24:31,40.9,40.89,26.22,94,86,1.66
363,Aktau,KZ,2020-11-24 23:24:31,43.65,51.2,24.8,92,0,8.95
364,Severobaykalsk,RU,2020-11-24 23:24:31,55.65,109.32,7.77,84,5,5.79
365,Begusarai,IN,2020-11-24 23:24:31,25.42,86.13,61.0,42,24,2.44
366,Baruun-Urt,MN,2020-11-24 23:24:31,46.68,113.28,9.09,93,35,5.68
367,Bingol,TR,2020-11-24 23:24:31,38.88,40.49,37.94,67,93,0.49
368,Havoysund,NO,2020-11-24 23:24:31,71.0,24.66,30.2,74,0,14.99
369,Roma,US,2020-11-24 23:20:55,43.21,-75.46,30.2,68,1,3.36
370,Kita,ML,2020-11-24 23:24:31,13.03,-9.49,71.53,22,0,4.81
371,Kavali,IN,2020-11-24 23:24:32,14.92,79.98,75.4,81,100,13.22
372,Kholm,RU,2020-11-24 23:24:32,59.27,32.85,31.19,99,81,4.03
373,Guerrero Negro,MX,2020-11-24 23:24:32,27.98,-114.06,66.88,63,0,14.5
374,Lasa,IT,2020-11-24 23:24:32,46.62,10.7,30.2,80,5,2.24
375,Villanueva,HN,2020-11-24 23:24:32,15.32,-88.0,77.0,93,63,2.62
376,Ornskoldsvik,SE,2020-11-24 23:22:54,63.29,18.72,33.8,100,100,3.36
377,Luau,AO,2020-11-24 23:24:32,-10.71,22.22,63.21,99,98,1.34
378,Palmer,US,2020-11-24 23:24:32,42.16,-72.33,32.0,68,40,3.53
379,Payo,ID,2020-11-24 23:24:32,-3.75,103.64,72.7,96,100,2.44
380,Grenada,ES,2020-11-24 23:24:32,37.19,-3.61,46.99,86,0,2.21
381,Dauphin,CA,2020-11-24 23:24:33,51.15,-100.05,15.8,93,40,10.29
382,Ngawi,ID,2020-11-24 23:24:33,-7.4,111.45,77.65,82,97,6.02
383,Buin,CL,2020-11-24 23:21:02,-33.73,-70.75,73.4,31,0,11.41
384,Tieling,CN,2020-11-24 23:24:33,42.29,123.84,27.75,92,100,5.73
385,Saint-Georges,GD,2020-11-24 23:24:33,12.06,-61.75,80.6,83,75,17.22
386,Pisco,PE,2020-11-24 23:24:33,-13.7,-76.22,68.0,72,0,21.92
387,Coihaique,CL,2020-11-24 23:24:33,-45.58,-72.07,50.0,66,75,3.36
388,Lima,PE,2020-11-24 23:22:27,-12.04,-77.03,64.99,72,0,18.34
389,Antofagasta,CL,2020-11-24 23:20:04,-23.65,-70.4,60.8,77,90,13.87
390,Lardos,GR,2020-11-24 23:24:33,36.09,28.02,64.99,63,20,8.05
391,Kjollefjord,NO,2020-11-24 23:24:33,70.95,27.35,28.4,74,0,17.22
392,Iwaki,JP,2020-11-24 23:24:34,37.05,140.88,52.0,90,96,8.77
393,Acapulco,MX,2020-11-24 23:24:34,16.86,-99.89,84.2,74,20,6.93
394,Sisimiut,GL,2020-11-24 23:24:34,66.94,-53.67,25.45,89,100,10.78
395,Indapur,IN,2020-11-24 23:24:34,18.3,73.25,72.5,63,95,2.06
396,Dingle,PH,2020-11-24 23:24:34,11.0,122.67,76.62,90,95,9.69
397,Ossora,RU,2020-11-24 23:24:34,59.24,163.07,15.67,86,26,6.78
398,Newport,GB,2020-11-24 23:24:34,51.59,-3.0,55.0,95,100,1.01
399,Bambanglipuro,ID,2020-11-24 23:24:34,-7.95,110.28,77.88,83,93,3.67
400,Mandalgovi,MN,2020-11-24 23:24:34,45.76,106.27,10.54,96,48,6.64
401,Naze,JP,2020-11-24 23:24:34,28.37,129.48,71.6,73,75,11.41
402,Nishihara,JP,2020-11-24 23:24:34,26.18,127.76,71.6,64,75,10.29
403,Westport,US,2020-11-24 23:24:35,41.14,-73.36,44.6,48,1,3.36
404,Qaanaaq,GL,2020-11-24 23:24:35,77.48,-69.36,8.01,89,100,1.81
405,Meulaboh,ID,2020-11-24 23:24:35,4.14,96.13,76.28,89,74,4.0
406,Tampocon,PH,2020-11-24 23:24:35,9.85,123.13,79.56,81,100,13.47
407,Itarema,BR,2020-11-24 23:24:35,-2.92,-39.92,80.56,78,90,15.77
408,Roebourne,AU,2020-11-24 23:24:35,-20.78,117.13,83.77,56,0,0.45
409,Singleton,AU,2020-11-24 23:24:35,-32.57,151.18,75.0,77,17,5.93
410,Salamiyah,SY,2020-11-24 23:24:35,35.01,37.05,54.66,67,71,2.01
411,Port-Gentil,GA,2020-11-24 23:24:35,-0.72,8.78,80.6,88,40,9.17
412,Christchurch,NZ,2020-11-24 23:21:18,-43.53,172.63,62.6,72,100,20.8
413,Bantry,IE,2020-11-24 23:24:35,51.68,-9.45,41.0,86,0,4.7
414,Georgetown,MY,2020-11-24 23:24:36,5.41,100.34,75.2,94,20,5.57
415,Novospasskoye,RU,2020-11-24 23:24:36,53.15,47.75,28.78,98,99,5.14
416,Sambava,MG,2020-11-24 23:24:36,-14.27,50.17,74.3,83,65,9.19
417,Zapolyarnyy,RU,2020-11-24 23:24:36,69.42,30.81,26.6,92,41,3.36
418,Maple Creek,CA,2020-11-24 23:24:36,49.92,-109.48,33.8,69,1,12.75
419,Vila Franca Do Campo,PT,2020-11-24 23:24:36,37.72,-25.43,55.4,62,40,11.41
420,Olinda,BR,2020-11-24 23:24:36,-8.01,-34.86,77.0,69,40,10.29
421,Busko-Zdroj,PL,2020-11-24 23:24:36,50.47,20.72,35.01,75,8,5.59
422,Petropavlovsk-Kamchatskiy,RU,2020-11-24 23:24:36,53.05,158.65,15.8,78,13,4.47
423,Almeirim,BR,2020-11-24 23:24:36,-1.52,-52.58,80.98,71,63,7.29
424,Datong,CN,2020-11-24 23:20:14,40.09,113.29,23.65,85,73,3.56
425,San Ramon De La Nueva Oran,AR,2020-11-24 23:20:33,-23.13,-64.33,89.01,53,77,3.31
426,Norilsk,RU,2020-11-24 23:24:37,69.35,88.2,14.0,92,40,15.66
427,Chitrakonda,IN,2020-11-24 23:24:37,18.12,82.08,63.57,72,100,1.72
428,Aneho,TG,2020-11-24 23:24:37,6.23,1.6,82.4,83,20,9.17
429,Bukama,CD,2020-11-24 23:24:37,-9.2,25.85,70.68,92,100,0.56
430,Port Said,EG,2020-11-24 23:24:37,31.26,32.28,68.0,72,0,6.93
431,Monte San Giovanni Campano,IT,2020-11-24 23:24:37,41.64,13.51,48.0,94,84,2.66
432,Ruteng,ID,2020-11-24 23:24:37,-8.61,120.47,67.77,96,100,1.21
433,Carire,BR,2020-11-24 23:24:37,-3.95,-40.47,85.17,48,79,6.4
434,Point Pedro,LK,2020-11-24 23:24:37,9.82,80.23,76.28,91,100,31.07
435,Abu Dhabi,AE,2020-11-24 23:20:49,24.47,54.37,71.6,64,20,3.36
436,Asfi,MA,2020-11-24 23:24:38,32.3,-9.24,63.72,78,14,2.15
437,Abashiri,JP,2020-11-24 23:24:38,44.02,144.27,34.0,79,75,3.36
438,Boyabat,TR,2020-11-24 23:24:38,41.47,34.77,43.63,72,100,2.82
439,Dawlatabad,AF,2020-11-24 23:24:38,36.41,64.91,31.28,86,7,1.45
440,Deputatskiy,RU,2020-11-24 23:24:38,69.3,139.9,-15.86,88,100,7.14
441,Labuhan,ID,2020-11-24 23:24:38,-6.88,112.21,79.56,82,100,10.56
442,Whitehorse,CA,2020-11-24 23:24:38,60.72,-135.05,21.2,79,75,6.93
443,Ahipara,NZ,2020-11-24 23:24:38,-35.17,173.17,65.21,91,53,16.8
444,Morondava,MG,2020-11-24 23:24:38,-20.28,44.28,79.65,71,27,7.2
445,Almaznyy,RU,2020-11-24 23:24:38,48.04,40.05,35.6,93,20,8.95
446,Socorro,US,2020-11-24 23:24:39,31.65,-106.3,64.4,16,5,20.8
447,Bahia Blanca,AR,2020-11-24 23:24:39,-38.72,-62.27,67.08,51,5,11.1
448,Teguldet,RU,2020-11-24 23:24:39,57.31,88.17,6.84,95,16,2.75
449,Stykkisholmur,IS,2020-11-24 23:24:39,65.08,-22.73,33.76,88,94,14.29
450,Nouadhibou,MR,2020-11-24 23:24:39,20.93,-17.03,75.2,33,90,9.17
451,Siocon,PH,2020-11-24 23:24:39,7.71,122.14,80.65,80,77,9.31
452,El Retorno,CO,2020-11-24 23:24:39,2.33,-72.63,76.21,93,86,1.19
453,Ponta Do Sol,PT,2020-11-24 23:24:39,32.67,-17.1,62.6,72,40,3.36
454,Xihe,CN,2020-11-24 23:24:39,31.69,113.47,41.09,86,100,5.88
455,Buchanan,LR,2020-11-24 23:24:39,5.88,-10.05,78.26,86,92,6.76
456,Garissa,KE,2020-11-24 23:24:39,-0.45,39.64,80.06,69,8,12.62
457,Ngunguru,NZ,2020-11-24 23:24:40,-35.62,174.5,68.0,91,53,21.0
458,Half Moon Bay,US,2020-11-24 23:24:40,37.46,-122.43,64.99,82,1,11.41
459,Inongo,CD,2020-11-24 23:24:40,-1.95,18.27,70.77,92,100,3.78
460,Mugur-Aksy,RU,2020-11-24 23:24:40,50.35,90.5,8.42,89,100,3.6
461,Bichura,RU,2020-11-24 23:24:40,50.59,107.6,11.3,91,1,0.92
462,Puerto Narino,CO,2020-11-24 23:24:40,-3.77,-70.38,82.4,88,75,2.24
463,Varhaug,NO,2020-11-24 23:24:40,58.61,5.65,50.0,93,75,18.34
464,Tucuma,BR,2020-11-24 23:20:11,-0.18,-50.05,78.94,84,100,8.61
465,Belyy Yar,RU,2020-11-24 23:24:40,53.6,91.39,21.2,79,90,4.47
466,Ushtobe,KZ,2020-11-24 23:24:40,45.25,77.98,15.8,91,0,8.95
467,Adre,TD,2020-11-24 23:24:40,13.47,22.2,68.32,27,1,8.03
468,The Pas,CA,2020-11-24 23:24:40,53.83,-101.25,12.2,78,1,4.7
469,Wewak,PG,2020-11-24 23:24:41,-3.55,143.63,80.38,77,76,4.25
470,High Rock,BS,2020-11-24 23:24:41,26.62,-78.28,71.6,78,20,6.93
471,Saint-Pierre,RE,2020-11-24 23:20:55,-21.34,55.48,71.6,60,97,4.7
472,Kargasok,RU,2020-11-24 23:24:41,59.06,80.86,12.69,96,100,5.93
473,Suez,EG,2020-11-24 23:24:41,29.97,32.53,63.86,82,45,6.42
474,Ahuimanu,US,2020-11-24 23:24:41,21.44,-157.84,84.2,69,90,13.87
475,Mount Isa,AU,2020-11-24 23:24:41,-20.73,139.5,95.0,15,55,10.29
476,Chiautla,MX,2020-11-24 23:24:41,19.53,-98.88,77.0,15,5,3.36
477,Cherskiy,RU,2020-11-24 23:24:41,68.75,161.3,-1.32,93,100,4.23
478,Kununurra,AU,2020-11-24 23:24:41,-15.77,128.73,78.8,83,57,5.82
479,Kirakira,SB,2020-11-24 23:24:41,-10.45,161.92,81.57,79,50,13.09
480,Majenang,ID,2020-11-24 23:24:42,-7.3,108.76,76.48,85,93,1.9
481,Naples,IT,2020-11-24 23:24:42,40.83,14.25,54.0,76,0,5.82
482,Puro,PH,2020-11-24 23:24:42,12.48,123.38,79.92,79,63,17.34
483,Boa Viagem,BR,2020-11-24 23:20:41,-5.13,-39.73,84.06,44,81,3.36
484,Omboue,GA,2020-11-24 23:24:42,-1.57,9.26,77.7,91,100,3.71
485,Krasnoselkup,RU,2020-11-24 23:24:42,65.7,82.47,11.19,96,98,10.56
486,Rio Grande,BR,2020-11-24 23:20:43,-32.03,-52.1,75.0,84,1,5.01
487,Seoul,KR,2020-11-24 23:20:05,37.57,126.98,30.2,86,1,0.65
488,Amga,RU,2020-11-24 23:24:42,60.9,131.96,-7.2,89,100,4.07
489,Grindavik,IS,2020-11-24 23:20:51,63.84,-22.43,33.8,80,75,16.11
490,Pemangkat,ID,2020-11-24 23:24:42,1.17,108.97,76.26,89,100,6.33
491,Nampula,MZ,2020-11-24 23:24:42,-15.12,39.27,78.8,65,75,13.87
492,Necochea,AR,2020-11-24 23:24:42,-38.55,-58.74,64.99,84,61,5.68
493,Vardo,NO,2020-11-24 23:24:43,70.37,31.11,30.2,86,75,4.7
494,Haveli,PK,2020-11-24 23:24:43,30.45,73.7,61.54,35,100,4.5
495,Bakaly,RU,2020-11-24 23:24:43,55.18,53.8,25.86,97,100,12.95
496,Laguna,US,2020-11-24 23:20:57,38.42,-121.42,64.0,39,1,5.82
497,Waingapu,ID,2020-11-24 23:24:43,-9.66,120.26,82.69,71,88,2.13
498,Nizhniy Tsasuchey,RU,2020-11-24 23:24:43,50.52,115.13,13.42,84,4,11.48
499,Houma,US,2020-11-24 23:24:43,29.6,-90.72,73.0,78,40,13.87
500,Talas,TR,2020-11-24 23:24:43,38.69,35.55,21.2,73,40,3.36
501,Puyang,CN,2020-11-24 23:24:43,29.46,119.89,55.0,92,94,2.15
502,Henties Bay,NA,2020-11-24 23:24:43,-22.12,14.28,57.99,87,0,1.99
503,Inhambane,MZ,2020-11-24 23:24:43,-23.86,35.38,78.22,92,0,12.48
504,Nanakuli,US,2020-11-24 23:24:43,21.39,-158.15,86.0,51,1,13.87
505,Matai,TZ,2020-11-24 23:24:43,-8.3,31.52,62.6,93,0,0.51
506,Jurilovca,RO,2020-11-24 23:24:44,44.77,28.87,34.0,74,0,3.36
507,Thunder Bay,CA,2020-11-24 23:23:11,48.4,-89.32,34.0,94,90,4.7
508,Colquiri,BO,2020-11-24 23:24:44,-17.42,-67.13,49.08,58,73,7.81
509,La Palma,US,2020-11-24 23:24:44,33.85,-118.05,69.01,63,1,6.93
510,Lihula,EE,2020-11-24 23:24:44,58.68,23.85,44.01,93,100,1.01
511,Uray,RU,2020-11-24 23:24:44,60.12,64.78,19.71,93,100,9.91
512,Dmytrivka,UA,2020-11-24 23:24:44,45.97,28.99,36.37,83,0,6.69
513,Deep River,CA,2020-11-24 23:24:44,46.1,-77.5,23.0,62,1,5.82
514,Eenhana,NA,2020-11-24 23:24:44,-17.47,16.33,80.6,22,58,3.36
515,Port Lincoln,AU,2020-11-24 23:19:58,-34.73,135.87,73.49,43,0,11.7
516,Nioro,GM,2020-11-24 23:24:45,13.35,-15.75,77.72,23,62,1.07
517,Borogontsy,RU,2020-11-24 23:24:45,62.67,131.17,-22.97,87,65,1.83
518,Mayumba,GA,2020-11-24 23:24:45,-3.43,10.66,77.79,90,85,3.78
519,Peniche,PT,2020-11-24 23:21:42,39.36,-9.38,60.01,88,86,11.01
520,Hobyo,SO,2020-11-24 23:24:45,5.35,48.53,79.95,78,28,10.27
521,Hudiksvall,SE,2020-11-24 23:24:45,61.73,17.1,33.89,92,88,0.72
522,Neryungri,RU,2020-11-24 23:24:45,56.67,124.65,2.14,91,98,9.48
523,Xuchang,CN,2020-11-24 23:20:07,34.02,113.82,39.2,80,2,2.24
524,Pombas,CV,2020-11-24 23:24:45,17.15,-25.02,77.0,83,75,10.29
525,Elizabeth City,US,2020-11-24 23:24:45,36.29,-76.25,46.4,70,1,3.36
526,Payakumbuh,ID,2020-11-24 23:24:45,-0.22,100.63,69.82,91,100,1.66
527,Orlik,RU,2020-11-24 23:24:46,52.52,99.83,-1.82,87,100,0.98
528,Kang,BW,2020-11-24 23:24:46,-23.68,22.79,70.93,25,0,11.41
529,Zhigansk,RU,2020-11-24 23:24:46,66.77,123.37,-2.83,91,100,13.56
530,Santiago De Cao,PE,2020-11-24 23:24:46,-7.96,-79.24,64.4,82,81,12.75
531,Shache,CN,2020-11-24 23:20:14,38.42,77.24,19.62,87,100,6.82
532,Sherghati,IN,2020-11-24 23:24:46,24.57,84.78,56.73,47,78,2.73
533,Carutapera,BR,2020-11-24 23:21:35,-1.2,-46.02,79.12,82,26,8.55
534,Arona,ES,2020-11-24 23:24:46,28.1,-16.68,70.0,24,0,10.29
535,Chama,CH,2020-11-24 23:24:46,47.18,8.46,36.0,93,90,1.12
536,Apastovo,RU,2020-11-24 23:24:46,55.2,48.51,30.2,92,90,13.42
537,Linfen,CN,2020-11-24 23:23:55,36.09,111.52,34.25,87,9,0.89
538,Penzance,GB,2020-11-24 23:24:47,50.12,-5.54,51.8,93,100,12.75
539,Wamba,NG,2020-11-24 23:24:47,8.93,8.6,78.03,44,84,3.24
540,Tygda,RU,2020-11-24 23:24:47,53.12,126.33,6.62,89,7,7.2
541,Egvekinot,RU,2020-11-24 23:24:47,66.32,-179.17,22.86,98,100,21.94
542,Port Blair,IN,2020-11-24 23:24:47,11.67,92.75,80.91,79,41,9.95
543,Pervomayskoye,RU,2020-11-24 23:24:47,43.92,46.71,41.13,84,100,1.83
544,Talnakh,RU,2020-11-24 23:24:47,69.49,88.4,14.0,92,40,15.66
545,Fenoarivo Atsinanana,MG,2020-11-24 23:24:47,-17.37,49.42,72.95,84,30,2.19
546,Opuwo,NA,2020-11-24 23:24:47,-18.06,13.84,71.42,37,39,3.44
547,Bani,DO,2020-11-24 23:21:10,18.28,-70.33,78.8,83,40,10.63
548,Staryy Nadym,RU,2020-11-24 23:24:47,65.61,72.68,14.02,96,99,11.56
549,Lebanon,US,2020-11-24 23:24:47,36.21,-86.29,57.2,54,1,6.93
550,Goderich,CA,2020-11-24 23:24:48,43.75,-81.72,34.0,79,100,15.21
551,Chaman,PK,2020-11-24 23:24:48,30.92,66.45,44.28,70,22,2.75
552,Maragogi,BR,2020-11-24 23:24:48,-9.01,-35.22,75.61,84,1,8.84
553,Naklo Nad Notecia,PL,2020-11-24 23:24:48,53.14,17.6,35.01,87,0,6.93
554,Mildura,AU,2020-11-24 23:24:48,-34.2,142.15,79.0,38,0,11.41
555,Wencheng,CN,2020-11-24 23:24:48,33.06,113.8,38.55,79,69,1.97
556,Alenquer,BR,2020-11-24 23:24:48,-1.94,-54.74,84.2,79,0,5.82
557,Allada,BJ,2020-11-24 23:24:48,6.67,2.15,84.2,79,40,12.75
558,Mwanza,TZ,2020-11-24 23:24:48,-2.52,32.9,71.6,78,75,1.81
559,Tari,NG,2020-11-24 23:24:49,12.41,4.49,79.84,27,19,7.94
560,Port Macquarie,AU,2020-11-24 23:24:49,-31.43,152.92,78.01,45,23,1.01
561,Dukat,RU,2020-11-24 23:24:49,62.55,155.55,-14.01,87,98,5.28
562,Bahir Dar,ET,2020-11-24 23:24:49,11.59,37.39,60.21,42,32,2.95
563,General Roca,AR,2020-11-24 23:21:33,-39.03,-67.58,68.0,52,40,6.93
564,Yichun,CN,2020-11-24 23:24:49,47.7,128.9,17.49,98,100,1.05
565,Nyurba,RU,2020-11-24 23:24:49,63.28,118.33,-3.62,91,84,6.04
566,Asau,RO,2020-11-24 23:24:49,46.43,26.4,33.01,80,0,4.83
567,Atabayan,PH,2020-11-24 23:24:49,10.68,122.42,78.3,84,98,16.4
568,Yarkovo,RU,2020-11-24 23:24:49,57.4,67.08,17.08,94,100,8.66
569,Bonthe,SL,2020-11-24 23:24:49,7.53,-12.51,79.32,81,0,4.5
570,Mogzon,RU,2020-11-24 23:24:50,51.74,111.96,1.9,92,47,2.48
571,Najran,SA,2020-11-24 23:24:50,17.49,44.13,59.0,54,0,1.92
